{"cameraMode":{"drawMode":0,"name":"Shaded","section":"Shading Mode"},"sceneLighting":true,"audioPlay":false,"sceneViewState":{"m_AlwaysRefresh":false,"showFog":true,"showSkybox":true,"showFlares":true,"showImageEffects":true,"showParticleSystems":true,"showVisualEffectGraphs":true,"m_FxEnabled":true},"in2DMode":false,"pivot":{"x":0.7955160140991211,"y":7.33498477935791,"z":-4.691336631774902},"rotation":{"x":-0.00446024164557457,"y":0.13310259580612184,"z":0.0005976740503683686,"w":0.9910939335823059},"size":11.97169017791748,"orthographic":true}