{"cameraMode":{"drawMode":0,"name":"Shaded","section":"Shading Mode"},"sceneLighting":true,"audioPlay":false,"sceneViewState":{"m_AlwaysRefresh":false,"showFog":true,"showSkybox":true,"showFlares":true,"showImageEffects":true,"showParticleSystems":true,"showVisualEffectGraphs":true,"m_FxEnabled":true},"in2DMode":false,"pivot":{"x":1.2744715213775635,"y":0.29527759552001955,"z":-7.0675368309021},"rotation":{"x":-0.07962539792060852,"y":0.04991747438907623,"z":-0.003991646226495504,"w":-0.9955694079399109},"size":2.773113965988159,"orthographic":false}